<annotation>
	<folder>train</folder>
	<filename>111.jpg</filename>
	<path>D:\HACKFEST\Dataset\train\111.jpg</path>
	<source>
		<database>Unknown</database>
	</source>
	<size>
		<width>640</width>
		<height>640</height>
		<depth>3</depth>
	</size>
	<segmented>0</segmented>
	<object>
		<name>mold_bread</name>
		<pose>Unspecified</pose>
		<truncated>0</truncated>
		<difficult>0</difficult>
		<bndbox>
			<xmin>241</xmin>
			<ymin>147</ymin>
			<xmax>375</xmax>
			<ymax>261</ymax>
		</bndbox>
	</object>
	<object>
		<name>mold_bread</name>
		<pose>Unspecified</pose>
		<truncated>0</truncated>
		<difficult>0</difficult>
		<bndbox>
			<xmin>517</xmin>
			<ymin>139</ymin>
			<xmax>583</xmax>
			<ymax>185</ymax>
		</bndbox>
	</object>
</annotation>
