<annotation>
	<folder>train</folder>
	<filename>118.jpg</filename>
	<path>D:\HACKFEST\Dataset\train\118.jpg</path>
	<source>
		<database>Unknown</database>
	</source>
	<size>
		<width>360</width>
		<height>240</height>
		<depth>3</depth>
	</size>
	<segmented>0</segmented>
	<object>
		<name>mold_bread</name>
		<pose>Unspecified</pose>
		<truncated>0</truncated>
		<difficult>0</difficult>
		<bndbox>
			<xmin>163</xmin>
			<ymin>114</ymin>
			<xmax>243</xmax>
			<ymax>167</ymax>
		</bndbox>
	</object>
	<object>
		<name>mold_bread</name>
		<pose>Unspecified</pose>
		<truncated>0</truncated>
		<difficult>0</difficult>
		<bndbox>
			<xmin>158</xmin>
			<ymin>172</ymin>
			<xmax>202</xmax>
			<ymax>192</ymax>
		</bndbox>
	</object>
</annotation>
