<annotation>
	<folder>train</folder>
	<filename>122.jpg</filename>
	<path>D:\HACKFEST\Dataset\train\122.jpg</path>
	<source>
		<database>Unknown</database>
	</source>
	<size>
		<width>360</width>
		<height>240</height>
		<depth>3</depth>
	</size>
	<segmented>0</segmented>
	<object>
		<name>mold_bread</name>
		<pose>Unspecified</pose>
		<truncated>0</truncated>
		<difficult>0</difficult>
		<bndbox>
			<xmin>119</xmin>
			<ymin>91</ymin>
			<xmax>261</xmax>
			<ymax>229</ymax>
		</bndbox>
	</object>
</annotation>
