<annotation>
	<folder>train</folder>
	<filename>125.jpg</filename>
	<path>D:\HACKFEST\Dataset\train\125.jpg</path>
	<source>
		<database>Unknown</database>
	</source>
	<size>
		<width>360</width>
		<height>240</height>
		<depth>3</depth>
	</size>
	<segmented>0</segmented>
	<object>
		<name>mold_bread</name>
		<pose>Unspecified</pose>
		<truncated>0</truncated>
		<difficult>0</difficult>
		<bndbox>
			<xmin>81</xmin>
			<ymin>64</ymin>
			<xmax>166</xmax>
			<ymax>147</ymax>
		</bndbox>
	</object>
	<object>
		<name>mold_bread</name>
		<pose>Unspecified</pose>
		<truncated>0</truncated>
		<difficult>0</difficult>
		<bndbox>
			<xmin>169</xmin>
			<ymin>73</ymin>
			<xmax>301</xmax>
			<ymax>162</ymax>
		</bndbox>
	</object>
</annotation>
