<annotation>
	<folder>train</folder>
	<filename>127.jpg</filename>
	<path>D:\HACKFEST\Dataset\train\127.jpg</path>
	<source>
		<database>Unknown</database>
	</source>
	<size>
		<width>427</width>
		<height>240</height>
		<depth>3</depth>
	</size>
	<segmented>0</segmented>
	<object>
		<name>mold_bread</name>
		<pose>Unspecified</pose>
		<truncated>0</truncated>
		<difficult>0</difficult>
		<bndbox>
			<xmin>152</xmin>
			<ymin>144</ymin>
			<xmax>200</xmax>
			<ymax>173</ymax>
		</bndbox>
	</object>
	<object>
		<name>mold_bread</name>
		<pose>Unspecified</pose>
		<truncated>0</truncated>
		<difficult>0</difficult>
		<bndbox>
			<xmin>238</xmin>
			<ymin>146</ymin>
			<xmax>272</xmax>
			<ymax>167</ymax>
		</bndbox>
	</object>
	<object>
		<name>mold_bread</name>
		<pose>Unspecified</pose>
		<truncated>0</truncated>
		<difficult>0</difficult>
		<bndbox>
			<xmin>272</xmin>
			<ymin>104</ymin>
			<xmax>289</xmax>
			<ymax>131</ymax>
		</bndbox>
	</object>
</annotation>
