<annotation>
	<folder>train</folder>
	<filename>128.jpg</filename>
	<path>D:\HACKFEST\Dataset\train\128.jpg</path>
	<source>
		<database>Unknown</database>
	</source>
	<size>
		<width>360</width>
		<height>240</height>
		<depth>3</depth>
	</size>
	<segmented>0</segmented>
	<object>
		<name>mold_bread</name>
		<pose>Unspecified</pose>
		<truncated>0</truncated>
		<difficult>0</difficult>
		<bndbox>
			<xmin>87</xmin>
			<ymin>103</ymin>
			<xmax>111</xmax>
			<ymax>151</ymax>
		</bndbox>
	</object>
	<object>
		<name>mold_bread</name>
		<pose>Unspecified</pose>
		<truncated>0</truncated>
		<difficult>0</difficult>
		<bndbox>
			<xmin>208</xmin>
			<ymin>170</ymin>
			<xmax>254</xmax>
			<ymax>191</ymax>
		</bndbox>
	</object>
</annotation>
