<annotation>
	<folder>train</folder>
	<filename>129.jpg</filename>
	<path>D:\HACKFEST\Dataset\train\129.jpg</path>
	<source>
		<database>Unknown</database>
	</source>
	<size>
		<width>360</width>
		<height>240</height>
		<depth>3</depth>
	</size>
	<segmented>0</segmented>
	<object>
		<name>mold_bread</name>
		<pose>Unspecified</pose>
		<truncated>0</truncated>
		<difficult>0</difficult>
		<bndbox>
			<xmin>87</xmin>
			<ymin>114</ymin>
			<xmax>116</xmax>
			<ymax>164</ymax>
		</bndbox>
	</object>
	<object>
		<name>mold_bread</name>
		<pose>Unspecified</pose>
		<truncated>0</truncated>
		<difficult>0</difficult>
		<bndbox>
			<xmin>210</xmin>
			<ymin>178</ymin>
			<xmax>257</xmax>
			<ymax>200</ymax>
		</bndbox>
	</object>
</annotation>
