<annotation>
	<folder>train</folder>
	<filename>131.jpg</filename>
	<path>D:\HACKFEST\Dataset\train\131.jpg</path>
	<source>
		<database>Unknown</database>
	</source>
	<size>
		<width>360</width>
		<height>240</height>
		<depth>3</depth>
	</size>
	<segmented>0</segmented>
	<object>
		<name>mold_bread</name>
		<pose>Unspecified</pose>
		<truncated>0</truncated>
		<difficult>0</difficult>
		<bndbox>
			<xmin>43</xmin>
			<ymin>127</ymin>
			<xmax>157</xmax>
			<ymax>191</ymax>
		</bndbox>
	</object>
	<object>
		<name>mold_bread</name>
		<pose>Unspecified</pose>
		<truncated>0</truncated>
		<difficult>0</difficult>
		<bndbox>
			<xmin>39</xmin>
			<ymin>40</ymin>
			<xmax>140</xmax>
			<ymax>112</ymax>
		</bndbox>
	</object>
</annotation>
