<annotation>
	<folder>train</folder>
	<filename>140.jpg</filename>
	<path>D:\HACKFEST\Dataset\train\140.jpg</path>
	<source>
		<database>Unknown</database>
	</source>
	<size>
		<width>240</width>
		<height>180</height>
		<depth>3</depth>
	</size>
	<segmented>0</segmented>
	<object>
		<name>mold_bread</name>
		<pose>Unspecified</pose>
		<truncated>0</truncated>
		<difficult>0</difficult>
		<bndbox>
			<xmin>32</xmin>
			<ymin>56</ymin>
			<xmax>77</xmax>
			<ymax>105</ymax>
		</bndbox>
	</object>
</annotation>
