<annotation>
	<folder>train</folder>
	<filename>150.jpeg</filename>
	<path>D:\HACKFEST\Dataset\train\150.jpeg</path>
	<source>
		<database>Unknown</database>
	</source>
	<size>
		<width>329</width>
		<height>153</height>
		<depth>3</depth>
	</size>
	<segmented>0</segmented>
	<object>
		<name>mold_bread</name>
		<pose>Unspecified</pose>
		<truncated>0</truncated>
		<difficult>0</difficult>
		<bndbox>
			<xmin>90</xmin>
			<ymin>67</ymin>
			<xmax>174</xmax>
			<ymax>122</ymax>
		</bndbox>
	</object>
	<object>
		<name>mold_bread</name>
		<pose>Unspecified</pose>
		<truncated>0</truncated>
		<difficult>0</difficult>
		<bndbox>
			<xmin>191</xmin>
			<ymin>44</ymin>
			<xmax>260</xmax>
			<ymax>100</ymax>
		</bndbox>
	</object>
	<object>
		<name>mold_bread</name>
		<pose>Unspecified</pose>
		<truncated>0</truncated>
		<difficult>0</difficult>
		<bndbox>
			<xmin>211</xmin>
			<ymin>105</ymin>
			<xmax>235</xmax>
			<ymax>126</ymax>
		</bndbox>
	</object>
</annotation>
