<annotation>
	<folder>train</folder>
	<filename>154.jpeg</filename>
	<path>D:\HACKFEST\Dataset\train\154.jpeg</path>
	<source>
		<database>Unknown</database>
	</source>
	<size>
		<width>264</width>
		<height>191</height>
		<depth>3</depth>
	</size>
	<segmented>0</segmented>
	<object>
		<name>mold_bread</name>
		<pose>Unspecified</pose>
		<truncated>0</truncated>
		<difficult>0</difficult>
		<bndbox>
			<xmin>96</xmin>
			<ymin>111</ymin>
			<xmax>172</xmax>
			<ymax>164</ymax>
		</bndbox>
	</object>
</annotation>
