<annotation>
	<folder>train</folder>
	<filename>158.jpeg</filename>
	<path>D:\HACKFEST\Dataset\train\158.jpeg</path>
	<source>
		<database>Unknown</database>
	</source>
	<size>
		<width>194</width>
		<height>260</height>
		<depth>3</depth>
	</size>
	<segmented>0</segmented>
	<object>
		<name>mold_bread</name>
		<pose>Unspecified</pose>
		<truncated>0</truncated>
		<difficult>0</difficult>
		<bndbox>
			<xmin>49</xmin>
			<ymin>153</ymin>
			<xmax>107</xmax>
			<ymax>194</ymax>
		</bndbox>
	</object>
</annotation>
