<annotation>
	<folder>train</folder>
	<filename>160.jpeg</filename>
	<path>D:\HACKFEST\Dataset\train\160.jpeg</path>
	<source>
		<database>Unknown</database>
	</source>
	<size>
		<width>275</width>
		<height>183</height>
		<depth>3</depth>
	</size>
	<segmented>0</segmented>
	<object>
		<name>mold_bread</name>
		<pose>Unspecified</pose>
		<truncated>0</truncated>
		<difficult>0</difficult>
		<bndbox>
			<xmin>115</xmin>
			<ymin>42</ymin>
			<xmax>219</xmax>
			<ymax>139</ymax>
		</bndbox>
	</object>
	<object>
		<name>mold_bread</name>
		<pose>Unspecified</pose>
		<truncated>0</truncated>
		<difficult>0</difficult>
		<bndbox>
			<xmin>223</xmin>
			<ymin>57</ymin>
			<xmax>238</xmax>
			<ymax>77</ymax>
		</bndbox>
	</object>
</annotation>
