<annotation>
	<folder>train</folder>
	<filename>167.jpeg</filename>
	<path>D:\HACKFEST\Dataset\train\167.jpeg</path>
	<source>
		<database>Unknown</database>
	</source>
	<size>
		<width>262</width>
		<height>192</height>
		<depth>3</depth>
	</size>
	<segmented>0</segmented>
	<object>
		<name>mold_bread</name>
		<pose>Unspecified</pose>
		<truncated>0</truncated>
		<difficult>0</difficult>
		<bndbox>
			<xmin>111</xmin>
			<ymin>56</ymin>
			<xmax>171</xmax>
			<ymax>109</ymax>
		</bndbox>
	</object>
</annotation>
