<annotation>
	<folder>train</folder>
	<filename>170.jpeg</filename>
	<path>D:\HACKFEST\Dataset\train\170.jpeg</path>
	<source>
		<database>Unknown</database>
	</source>
	<size>
		<width>259</width>
		<height>194</height>
		<depth>3</depth>
	</size>
	<segmented>0</segmented>
	<object>
		<name>mold_bread</name>
		<pose>Unspecified</pose>
		<truncated>0</truncated>
		<difficult>0</difficult>
		<bndbox>
			<xmin>70</xmin>
			<ymin>108</ymin>
			<xmax>188</xmax>
			<ymax>155</ymax>
		</bndbox>
	</object>
</annotation>
