<annotation>
	<folder>train</folder>
	<filename>172.jpeg</filename>
	<path>D:\HACKFEST\Dataset\train\172.jpeg</path>
	<source>
		<database>Unknown</database>
	</source>
	<size>
		<width>275</width>
		<height>183</height>
		<depth>3</depth>
	</size>
	<segmented>0</segmented>
	<object>
		<name>mold_bread</name>
		<pose>Unspecified</pose>
		<truncated>0</truncated>
		<difficult>0</difficult>
		<bndbox>
			<xmin>26</xmin>
			<ymin>29</ymin>
			<xmax>105</xmax>
			<ymax>84</ymax>
		</bndbox>
	</object>
	<object>
		<name>mold_bread</name>
		<pose>Unspecified</pose>
		<truncated>0</truncated>
		<difficult>0</difficult>
		<bndbox>
			<xmin>33</xmin>
			<ymin>97</ymin>
			<xmax>120</xmax>
			<ymax>150</ymax>
		</bndbox>
	</object>
</annotation>
