<annotation>
	<folder>train</folder>
	<filename>184.jpg</filename>
	<path>D:\HACKFEST\Dataset\train\184.jpg</path>
	<source>
		<database>Unknown</database>
	</source>
	<size>
		<width>612</width>
		<height>408</height>
		<depth>3</depth>
	</size>
	<segmented>0</segmented>
	<object>
		<name>mold_bread</name>
		<pose>Unspecified</pose>
		<truncated>0</truncated>
		<difficult>0</difficult>
		<bndbox>
			<xmin>117</xmin>
			<ymin>35</ymin>
			<xmax>502</xmax>
			<ymax>238</ymax>
		</bndbox>
	</object>
	<object>
		<name>mold_bread</name>
		<pose>Unspecified</pose>
		<truncated>0</truncated>
		<difficult>0</difficult>
		<bndbox>
			<xmin>102</xmin>
			<ymin>221</ymin>
			<xmax>154</xmax>
			<ymax>328</ymax>
		</bndbox>
	</object>
</annotation>
