<annotation>
	<folder>train</folder>
	<filename>203.jpg</filename>
	<path>D:\HACKFEST\Dataset\train\203.jpg</path>
	<source>
		<database>Unknown</database>
	</source>
	<size>
		<width>612</width>
		<height>408</height>
		<depth>3</depth>
	</size>
	<segmented>0</segmented>
	<object>
		<name>mold_bread</name>
		<pose>Unspecified</pose>
		<truncated>0</truncated>
		<difficult>0</difficult>
		<bndbox>
			<xmin>212</xmin>
			<ymin>120</ymin>
			<xmax>359</xmax>
			<ymax>256</ymax>
		</bndbox>
	</object>
	<object>
		<name>mold_bread</name>
		<pose>Unspecified</pose>
		<truncated>0</truncated>
		<difficult>0</difficult>
		<bndbox>
			<xmin>353</xmin>
			<ymin>232</ymin>
			<xmax>446</xmax>
			<ymax>313</ymax>
		</bndbox>
	</object>
</annotation>
