<annotation>
	<folder>train</folder>
	<filename>206.jpg</filename>
	<path>D:\HACKFEST\Dataset\train\206.jpg</path>
	<source>
		<database>Unknown</database>
	</source>
	<size>
		<width>612</width>
		<height>408</height>
		<depth>3</depth>
	</size>
	<segmented>0</segmented>
	<object>
		<name>mold_bread</name>
		<pose>Unspecified</pose>
		<truncated>0</truncated>
		<difficult>0</difficult>
		<bndbox>
			<xmin>223</xmin>
			<ymin>229</ymin>
			<xmax>268</xmax>
			<ymax>270</ymax>
		</bndbox>
	</object>
	<object>
		<name>mold_bread</name>
		<pose>Unspecified</pose>
		<truncated>0</truncated>
		<difficult>0</difficult>
		<bndbox>
			<xmin>262</xmin>
			<ymin>264</ymin>
			<xmax>296</xmax>
			<ymax>292</ymax>
		</bndbox>
	</object>
	<object>
		<name>mold_bread</name>
		<pose>Unspecified</pose>
		<truncated>0</truncated>
		<difficult>0</difficult>
		<bndbox>
			<xmin>341</xmin>
			<ymin>174</ymin>
			<xmax>376</xmax>
			<ymax>211</ymax>
		</bndbox>
	</object>
	<object>
		<name>mold_bread</name>
		<pose>Unspecified</pose>
		<truncated>0</truncated>
		<difficult>0</difficult>
		<bndbox>
			<xmin>353</xmin>
			<ymin>86</ymin>
			<xmax>382</xmax>
			<ymax>120</ymax>
		</bndbox>
	</object>
	<object>
		<name>mold_bread</name>
		<pose>Unspecified</pose>
		<truncated>0</truncated>
		<difficult>0</difficult>
		<bndbox>
			<xmin>134</xmin>
			<ymin>237</ymin>
			<xmax>152</xmax>
			<ymax>263</ymax>
		</bndbox>
	</object>
	<object>
		<name>mold_bread</name>
		<pose>Unspecified</pose>
		<truncated>0</truncated>
		<difficult>0</difficult>
		<bndbox>
			<xmin>158</xmin>
			<ymin>162</ymin>
			<xmax>185</xmax>
			<ymax>183</ymax>
		</bndbox>
	</object>
	<object>
		<name>mold_bread</name>
		<pose>Unspecified</pose>
		<truncated>0</truncated>
		<difficult>0</difficult>
		<bndbox>
			<xmin>134</xmin>
			<ymin>109</ymin>
			<xmax>148</xmax>
			<ymax>131</ymax>
		</bndbox>
	</object>
	<object>
		<name>mold_bread</name>
		<pose>Unspecified</pose>
		<truncated>0</truncated>
		<difficult>0</difficult>
		<bndbox>
			<xmin>181</xmin>
			<ymin>122</ymin>
			<xmax>193</xmax>
			<ymax>138</ymax>
		</bndbox>
	</object>
	<object>
		<name>mold_bread</name>
		<pose>Unspecified</pose>
		<truncated>0</truncated>
		<difficult>0</difficult>
		<bndbox>
			<xmin>435</xmin>
			<ymin>64</ymin>
			<xmax>451</xmax>
			<ymax>89</ymax>
		</bndbox>
	</object>
</annotation>
