<annotation>
	<folder>train</folder>
	<filename>215.jpg</filename>
	<path>D:\HACKFEST\Dataset\train\215.jpg</path>
	<source>
		<database>Unknown</database>
	</source>
	<size>
		<width>640</width>
		<height>640</height>
		<depth>3</depth>
	</size>
	<segmented>0</segmented>
	<object>
		<name>mold_bread</name>
		<pose>Unspecified</pose>
		<truncated>0</truncated>
		<difficult>0</difficult>
		<bndbox>
			<xmin>249</xmin>
			<ymin>119</ymin>
			<xmax>561</xmax>
			<ymax>486</ymax>
		</bndbox>
	</object>
</annotation>
