<annotation>
	<folder>train</folder>
	<filename>40.jpg</filename>
	<path>D:\HACKFEST\Dataset\train\40.jpg</path>
	<source>
		<database>Unknown</database>
	</source>
	<size>
		<width>902</width>
		<height>1600</height>
		<depth>3</depth>
	</size>
	<segmented>0</segmented>
	<object>
		<name>mold_bread</name>
		<pose>Unspecified</pose>
		<truncated>0</truncated>
		<difficult>0</difficult>
		<bndbox>
			<xmin>733</xmin>
			<ymin>91</ymin>
			<xmax>768</xmax>
			<ymax>127</ymax>
		</bndbox>
	</object>
	<object>
		<name>mold_bread</name>
		<pose>Unspecified</pose>
		<truncated>0</truncated>
		<difficult>0</difficult>
		<bndbox>
			<xmin>706</xmin>
			<ymin>132</ymin>
			<xmax>742</xmax>
			<ymax>182</ymax>
		</bndbox>
	</object>
	<object>
		<name>mold_bread</name>
		<pose>Unspecified</pose>
		<truncated>0</truncated>
		<difficult>0</difficult>
		<bndbox>
			<xmin>710</xmin>
			<ymin>516</ymin>
			<xmax>751</xmax>
			<ymax>564</ymax>
		</bndbox>
	</object>
	<object>
		<name>mold_bread</name>
		<pose>Unspecified</pose>
		<truncated>0</truncated>
		<difficult>0</difficult>
		<bndbox>
			<xmin>407</xmin>
			<ymin>590</ymin>
			<xmax>460</xmax>
			<ymax>635</ymax>
		</bndbox>
	</object>
	<object>
		<name>mold_bread</name>
		<pose>Unspecified</pose>
		<truncated>0</truncated>
		<difficult>0</difficult>
		<bndbox>
			<xmin>448</xmin>
			<ymin>701</ymin>
			<xmax>473</xmax>
			<ymax>734</ymax>
		</bndbox>
	</object>
	<object>
		<name>mold_bread</name>
		<pose>Unspecified</pose>
		<truncated>0</truncated>
		<difficult>0</difficult>
		<bndbox>
			<xmin>466</xmin>
			<ymin>738</ymin>
			<xmax>560</xmax>
			<ymax>812</ymax>
		</bndbox>
	</object>
	<object>
		<name>mold_bread</name>
		<pose>Unspecified</pose>
		<truncated>0</truncated>
		<difficult>0</difficult>
		<bndbox>
			<xmin>519</xmin>
			<ymin>695</ymin>
			<xmax>544</xmax>
			<ymax>725</ymax>
		</bndbox>
	</object>
</annotation>
