<annotation>
	<folder>train</folder>
	<filename>48.jpg</filename>
	<path>D:\HACKFEST\Dataset\train\48.jpg</path>
	<source>
		<database>Unknown</database>
	</source>
	<size>
		<width>902</width>
		<height>1600</height>
		<depth>3</depth>
	</size>
	<segmented>0</segmented>
	<object>
		<name>mold_bread</name>
		<pose>Unspecified</pose>
		<truncated>0</truncated>
		<difficult>0</difficult>
		<bndbox>
			<xmin>163</xmin>
			<ymin>377</ymin>
			<xmax>223</xmax>
			<ymax>458</ymax>
		</bndbox>
	</object>
	<object>
		<name>mold_bread</name>
		<pose>Unspecified</pose>
		<truncated>0</truncated>
		<difficult>0</difficult>
		<bndbox>
			<xmin>207</xmin>
			<ymin>449</ymin>
			<xmax>273</xmax>
			<ymax>553</ymax>
		</bndbox>
	</object>
	<object>
		<name>mold_bread</name>
		<pose>Unspecified</pose>
		<truncated>0</truncated>
		<difficult>0</difficult>
		<bndbox>
			<xmin>232</xmin>
			<ymin>402</ymin>
			<xmax>257</xmax>
			<ymax>444</ymax>
		</bndbox>
	</object>
	<object>
		<name>mold_bread</name>
		<pose>Unspecified</pose>
		<truncated>0</truncated>
		<difficult>0</difficult>
		<bndbox>
			<xmin>275</xmin>
			<ymin>322</ymin>
			<xmax>356</xmax>
			<ymax>373</ymax>
		</bndbox>
	</object>
	<object>
		<name>mold_bread</name>
		<pose>Unspecified</pose>
		<truncated>0</truncated>
		<difficult>0</difficult>
		<bndbox>
			<xmin>303</xmin>
			<ymin>453</ymin>
			<xmax>344</xmax>
			<ymax>502</ymax>
		</bndbox>
	</object>
	<object>
		<name>mold_bread</name>
		<pose>Unspecified</pose>
		<truncated>0</truncated>
		<difficult>0</difficult>
		<bndbox>
			<xmin>35</xmin>
			<ymin>720</ymin>
			<xmax>79</xmax>
			<ymax>786</ymax>
		</bndbox>
	</object>
	<object>
		<name>mold_bread</name>
		<pose>Unspecified</pose>
		<truncated>0</truncated>
		<difficult>0</difficult>
		<bndbox>
			<xmin>161</xmin>
			<ymin>599</ymin>
			<xmax>199</xmax>
			<ymax>633</ymax>
		</bndbox>
	</object>
	<object>
		<name>mold_bread</name>
		<pose>Unspecified</pose>
		<truncated>0</truncated>
		<difficult>0</difficult>
		<bndbox>
			<xmin>87</xmin>
			<ymin>607</ymin>
			<xmax>123</xmax>
			<ymax>646</ymax>
		</bndbox>
	</object>
	<object>
		<name>mold_bread</name>
		<pose>Unspecified</pose>
		<truncated>0</truncated>
		<difficult>0</difficult>
		<bndbox>
			<xmin>405</xmin>
			<ymin>579</ymin>
			<xmax>451</xmax>
			<ymax>621</ymax>
		</bndbox>
	</object>
	<object>
		<name>mold_bread</name>
		<pose>Unspecified</pose>
		<truncated>0</truncated>
		<difficult>0</difficult>
		<bndbox>
			<xmin>679</xmin>
			<ymin>721</ymin>
			<xmax>741</xmax>
			<ymax>797</ymax>
		</bndbox>
	</object>
	<object>
		<name>mold_bread</name>
		<pose>Unspecified</pose>
		<truncated>0</truncated>
		<difficult>0</difficult>
		<bndbox>
			<xmin>169</xmin>
			<ymin>921</ymin>
			<xmax>305</xmax>
			<ymax>1067</ymax>
		</bndbox>
	</object>
	<object>
		<name>mold_bread</name>
		<pose>Unspecified</pose>
		<truncated>0</truncated>
		<difficult>0</difficult>
		<bndbox>
			<xmin>351</xmin>
			<ymin>1030</ymin>
			<xmax>399</xmax>
			<ymax>1072</ymax>
		</bndbox>
	</object>
	<object>
		<name>mold_bread</name>
		<pose>Unspecified</pose>
		<truncated>0</truncated>
		<difficult>0</difficult>
		<bndbox>
			<xmin>490</xmin>
			<ymin>936</ymin>
			<xmax>575</xmax>
			<ymax>1051</ymax>
		</bndbox>
	</object>
	<object>
		<name>mold_bread</name>
		<pose>Unspecified</pose>
		<truncated>0</truncated>
		<difficult>0</difficult>
		<bndbox>
			<xmin>598</xmin>
			<ymin>938</ymin>
			<xmax>747</xmax>
			<ymax>1018</ymax>
		</bndbox>
	</object>
	<object>
		<name>mold_bread</name>
		<pose>Unspecified</pose>
		<truncated>0</truncated>
		<difficult>0</difficult>
		<bndbox>
			<xmin>607</xmin>
			<ymin>476</ymin>
			<xmax>644</xmax>
			<ymax>558</ymax>
		</bndbox>
	</object>
</annotation>
