<annotation>
	<folder>train</folder>
	<filename>99.jpg</filename>
	<path>D:\HACKFEST\Dataset\train\99.jpg</path>
	<source>
		<database>Unknown</database>
	</source>
	<size>
		<width>640</width>
		<height>640</height>
		<depth>3</depth>
	</size>
	<segmented>0</segmented>
	<object>
		<name>mold_bread</name>
		<pose>Unspecified</pose>
		<truncated>0</truncated>
		<difficult>0</difficult>
		<bndbox>
			<xmin>231</xmin>
			<ymin>131</ymin>
			<xmax>502</xmax>
			<ymax>434</ymax>
		</bndbox>
	</object>
</annotation>
